<?xml version="1.0" encoding="windows-1251"?><Metadata><Ms><It Ln="54" O="0" M="Utt.Debugger.Warning" T="warning: unrecognized character escape sequence `\&lt;'&#xD;&#xA;"><P F="D:\Scripts\CASTANEDA\Action.c" N="33" C="0" /></It><It Ln="54" O="0" M="Utt.Debugger.Warning" T="warning: unrecognized character escape sequence `\/'&#xD;&#xA;"><P F="D:\Scripts\CASTANEDA\Action.c" N="33" C="0" /></It><It Ln="54" O="0" M="Utt.Debugger.Warning" T="warning: unrecognized character escape sequence `\/'&#xD;&#xA;"><P F="D:\Scripts\CASTANEDA\Action.c" N="33" C="0" /></It><It Ln="54" O="0" M="Utt.Debugger.Warning" T="warning: unrecognized character escape sequence `\+'&#xD;&#xA;"><P F="D:\Scripts\CASTANEDA\Action.c" N="33" C="0" /></It><It Ln="54" O="0" M="Utt.Debugger.Warning" T="warning: unrecognized character escape sequence `\&lt;'&#xD;&#xA;"><P F="D:\Scripts\CASTANEDA\Action.c" N="33" C="0" /></It><It Ln="54" O="0" M="Utt.Debugger.Warning" T="warning: unrecognized character escape sequence `\='&#xD;&#xA;"><P F="D:\Scripts\CASTANEDA\Action.c" N="33" C="0" /></It><It Ln="54" O="0" M="Utt.Debugger.Warning" T="warning: unrecognized character escape sequence `\&gt;'&#xD;&#xA;"><P F="D:\Scripts\CASTANEDA\Action.c" N="33" C="0" /></It><It Ln="54" O="0" M="Utt.Debugger.Warning" T="warning: unrecognized character escape sequence `\+'&#xD;&#xA;"><P F="D:\Scripts\CASTANEDA\Action.c" N="33" C="0" /></It><It Ln="54" O="0" M="Utt.Debugger.Warning" T="warning: unrecognized character escape sequence `\&lt;'&#xD;&#xA;"><P F="D:\Scripts\CASTANEDA\Action.c" N="33" C="0" /></It><It Ln="54" O="0" M="Utt.Debugger.Warning" T="warning: unrecognized character escape sequence `\&gt;'&#xD;&#xA;"><P F="D:\Scripts\CASTANEDA\Action.c" N="33" C="0" /></It><It Ln="54" O="0" M="Utt.Debugger.Warning" T="warning: unrecognized character escape sequence `\&lt;'&#xD;&#xA;"><P F="D:\Scripts\CASTANEDA\Action.c" N="33" C="0" /></It><It Ln="54" O="0" M="Utt.Debugger.Warning" T="warning: unrecognized character escape sequence `\/'&#xD;&#xA;"><P F="D:\Scripts\CASTANEDA\Action.c" N="33" C="0" /></It><It Ln="54" O="0" M="Utt.Debugger.Warning" T="warning: unrecognized character escape sequence `\&gt;'&#xD;&#xA;"><P F="D:\Scripts\CASTANEDA\Action.c" N="33" C="0" /></It><It Ln="54" O="0" M="Utt.Debugger.Warning" T="warning: unrecognized character escape sequence `\&lt;'&#xD;&#xA;"><P F="D:\Scripts\CASTANEDA\Action.c" N="39" C="0" /></It><It Ln="54" O="0" M="Utt.Debugger.Warning" T="warning: unrecognized character escape sequence `\='&#xD;&#xA;"><P F="D:\Scripts\CASTANEDA\Action.c" N="39" C="0" /></It><It Ln="54" O="0" M="Utt.Debugger.Warning" T="warning: unrecognized character escape sequence `\&gt;'&#xD;&#xA;"><P F="D:\Scripts\CASTANEDA\Action.c" N="39" C="0" /></It><It Ln="54" O="0" M="Utt.Debugger.Warning" T="warning: unrecognized character escape sequence `\&lt;'&#xD;&#xA;"><P F="D:\Scripts\CASTANEDA\Action.c" N="39" C="0" /></It><It Ln="54" O="0" M="Utt.Debugger.Warning" T="warning: unrecognized character escape sequence `\/'&#xD;&#xA;"><P F="D:\Scripts\CASTANEDA\Action.c" N="39" C="0" /></It><It Ln="54" O="0" M="Utt.Debugger.Warning" T="warning: unrecognized character escape sequence `\&gt;'&#xD;&#xA;"><P F="D:\Scripts\CASTANEDA\Action.c" N="39" C="0" /></It><It Ln="54" O="0" M="Utt.Debugger.Warning" T="warning: unrecognized character escape sequence `\&lt;'&#xD;&#xA;"><P F="D:\Scripts\CASTANEDA\Action.c" N="45" C="0" /></It><It Ln="54" O="0" M="Utt.Debugger.Warning" T="warning: unrecognized character escape sequence `\='&#xD;&#xA;"><P F="D:\Scripts\CASTANEDA\Action.c" N="45" C="0" /></It><It Ln="54" O="0" M="Utt.Debugger.Warning" T="warning: unrecognized character escape sequence `\&gt;'&#xD;&#xA;"><P F="D:\Scripts\CASTANEDA\Action.c" N="45" C="0" /></It><It Ln="54" O="0" M="Utt.Debugger.Warning" T="warning: unrecognized character escape sequence `\&lt;'&#xD;&#xA;"><P F="D:\Scripts\CASTANEDA\Action.c" N="45" C="0" /></It><It Ln="54" O="0" M="Utt.Debugger.Warning" T="warning: unrecognized character escape sequence `\/'&#xD;&#xA;"><P F="D:\Scripts\CASTANEDA\Action.c" N="45" C="0" /></It><It Ln="54" O="0" M="Utt.Debugger.Warning" T="warning: unrecognized character escape sequence `\&gt;'&#xD;&#xA;"><P F="D:\Scripts\CASTANEDA\Action.c" N="45" C="0" /></It><It Ln="54" O="0" M="Utt.Debugger.Warning" T="warning: unrecognized character escape sequence `\&lt;'&#xD;&#xA;"><P F="D:\Scripts\CASTANEDA\Action.c" N="52" C="0" /></It><It Ln="54" O="0" M="Utt.Debugger.Warning" T="warning: unrecognized character escape sequence `\='&#xD;&#xA;"><P F="D:\Scripts\CASTANEDA\Action.c" N="52" C="0" /></It><It Ln="54" O="0" M="Utt.Debugger.Warning" T="warning: unrecognized character escape sequence `\='&#xD;&#xA;"><P F="D:\Scripts\CASTANEDA\Action.c" N="52" C="0" /></It><It Ln="54" O="0" M="Utt.Debugger.Warning" T="warning: unrecognized character escape sequence `\+'&#xD;&#xA;"><P F="D:\Scripts\CASTANEDA\Action.c" N="59" C="0" /></It><It Ln="54" O="0" M="Utt.Debugger.Warning" T="warning: unrecognized character escape sequence `\&lt;'&#xD;&#xA;"><P F="D:\Scripts\CASTANEDA\Action.c" N="59" C="0" /></It><It Ln="54" O="0" M="Utt.Debugger.Warning" T="warning: unrecognized character escape sequence `\='&#xD;&#xA;"><P F="D:\Scripts\CASTANEDA\Action.c" N="59" C="0" /></It><It Ln="54" O="0" M="Utt.Debugger.Warning" T="warning: unrecognized character escape sequence `\/'&#xD;&#xA;"><P F="D:\Scripts\CASTANEDA\Action.c" N="59" C="0" /></It><It Ln="54" O="0" M="Utt.Debugger.Warning" T="warning: unrecognized character escape sequence `\/'&#xD;&#xA;"><P F="D:\Scripts\CASTANEDA\Action.c" N="59" C="0" /></It><It Ln="54" O="0" M="Utt.Debugger.Warning" T="warning: unrecognized character escape sequence `\/'&#xD;&#xA;"><P F="D:\Scripts\CASTANEDA\Action.c" N="59" C="0" /></It><It Ln="54" O="0" M="Utt.Debugger.Warning" T="warning: unrecognized character escape sequence `\/'&#xD;&#xA;"><P F="D:\Scripts\CASTANEDA\Action.c" N="59" C="0" /></It><It Ln="54" O="0" M="Utt.Debugger.Warning" T="warning: unrecognized character escape sequence `\.'&#xD;&#xA;"><P F="D:\Scripts\CASTANEDA\Action.c" N="59" C="0" /></It><It Ln="54" O="0" M="Utt.Debugger.Warning" T="warning: unrecognized character escape sequence `\+'&#xD;&#xA;"><P F="D:\Scripts\CASTANEDA\Action.c" N="59" C="0" /></It><It Ln="54" O="0" M="Utt.Debugger.Warning" T="warning: unrecognized character escape sequence `\&gt;'&#xD;&#xA;"><P F="D:\Scripts\CASTANEDA\Action.c" N="59" C="0" /></It><It Ln="54" O="0" M="Utt.Debugger.Warning" T="warning: unrecognized character escape sequence `\&lt;'&#xD;&#xA;"><P F="D:\Scripts\CASTANEDA\Action.c" N="59" C="0" /></It><It Ln="54" O="0" M="Utt.Debugger.Warning" T="warning: unrecognized character escape sequence `\/'&#xD;&#xA;"><P F="D:\Scripts\CASTANEDA\Action.c" N="59" C="0" /></It><It Ln="54" O="0" M="Utt.Debugger.Warning" T="warning: unrecognized character escape sequence `\&gt;'&#xD;&#xA;"><P F="D:\Scripts\CASTANEDA\Action.c" N="59" C="0" /></It><It Ln="18" O="0" M="Utt.Debugger.Info" T="No errors detected" /></Ms></Metadata>